video,label
videos\n_001.mp4,no_weapon
videos\n_002.mp4,no_weapon
videos\n_003.mp4,no_weapon
videos\n_004.mp4,no_weapon
videos\n_005.mp4,no_weapon
videos\n_006.mp4,no_weapon
videos\n_007.mp4,no_weapon
videos\n_008.mp4,no_weapon
videos\n_009.mp4,no_weapon
videos\n_010.mp4,no_weapon
videos\n_011.mp4,no_weapon
videos\n_012.mp4,no_weapon
videos\n_013.mp4,no_weapon
videos\n_014.mp4,no_weapon
videos\n_015.mp4,no_weapon
videos\n_016.mp4,no_weapon
videos\n_017.mp4,no_weapon
videos\n_018.mp4,no_weapon
videos\n_019.mp4,no_weapon
videos\n_020.mp4,no_weapon
videos\n_021.mp4,no_weapon
videos\n_022.mp4,no_weapon
videos\n_023.mp4,no_weapon
videos\n_024.mp4,no_weapon
videos\n_025.mp4,no_weapon
videos\n_026.mp4,no_weapon
videos\n_027.mp4,no_weapon
videos\n_028.mp4,no_weapon
videos\n_029.mp4,no_weapon
videos\n_030.mp4,no_weapon
videos\n_031.mp4,no_weapon
videos\n_032.mp4,no_weapon
videos\n_033.mp4,no_weapon
videos\n_034.mp4,no_weapon
videos\n_035.mp4,no_weapon
videos\n_036.mp4,no_weapon
videos\n_037.mp4,no_weapon
videos\n_038.mp4,no_weapon
videos\n_039.mp4,no_weapon
videos\n_040.mp4,no_weapon
videos\n_041.mp4,no_weapon
videos\n_042.mp4,no_weapon
videos\n_043.mp4,no_weapon
videos\n_044.mp4,no_weapon
videos\n_045.mp4,no_weapon
videos\n_046.mp4,no_weapon
videos\n_047.mp4,no_weapon
videos\n_048.mp4,no_weapon
videos\n_049.mp4,no_weapon
videos\n_050.mp4,no_weapon
videos\n_051.mp4,no_weapon
videos\n_052.mp4,no_weapon
videos\n_053.mp4,no_weapon
videos\n_054.mp4,no_weapon
videos\n_055.mp4,no_weapon
videos\n_056.mp4,no_weapon
videos\n_057.mp4,no_weapon
videos\n_058.mp4,no_weapon
videos\n_059.mp4,no_weapon
videos\n_060.mp4,no_weapon
videos\n_061.mp4,no_weapon
videos\n_062.mp4,no_weapon
videos\n_063.mp4,no_weapon
videos\n_064.mp4,no_weapon
videos\n_065.mp4,no_weapon
videos\n_066.mp4,no_weapon
videos\n_067.mp4,no_weapon
videos\n_068.mp4,no_weapon
videos\n_069.mp4,no_weapon
videos\n_070.mp4,no_weapon
videos\n_071.mp4,no_weapon
videos\n_072.mp4,no_weapon
videos\n_073.mp4,no_weapon
videos\n_074.mp4,no_weapon
videos\n_075.mp4,no_weapon
videos\n_076.mp4,no_weapon
videos\n_077.mp4,no_weapon
videos\n_078.mp4,no_weapon
videos\n_079.mp4,no_weapon
videos\n_080.mp4,no_weapon
videos\n_081.mp4,no_weapon
videos\n_082.mp4,no_weapon
videos\n_083.mp4,no_weapon
videos\n_084.mp4,no_weapon
videos\n_085.mp4,no_weapon
videos\n_086.mp4,no_weapon
videos\n_087.mp4,no_weapon
videos\n_088.mp4,no_weapon
videos\n_089.mp4,no_weapon
videos\n_090.mp4,no_weapon
videos\n_091.mp4,no_weapon
videos\n_092.mp4,no_weapon
videos\n_093.mp4,no_weapon
videos\n_094.mp4,no_weapon
videos\n_095.mp4,no_weapon
videos\n_096.mp4,no_weapon
videos\n_097.mp4,no_weapon
videos\n_098.mp4,no_weapon
videos\n_099.mp4,no_weapon
videos\n_100.mp4,no_weapon
videos\n_101.mp4,no_weapon
videos\n_102.mp4,no_weapon
videos\n_103.mp4,no_weapon
videos\n_104.mp4,no_weapon
videos\n_105.mp4,no_weapon
videos\n_106.mp4,no_weapon
videos\n_107.mp4,no_weapon
videos\n_108.mp4,no_weapon
videos\n_109.mp4,no_weapon
videos\n_110.mp4,no_weapon
videos\n_111.mp4,no_weapon
videos\n_112.mp4,no_weapon
videos\n_113.mp4,no_weapon
videos\n_114.mp4,no_weapon
videos\n_115.mp4,no_weapon
videos\n_116.mp4,no_weapon
videos\n_117.mp4,no_weapon
videos\n_118.mp4,no_weapon
videos\n_119.mp4,no_weapon
videos\n_120.mp4,no_weapon
videos\n_121.mp4,no_weapon
videos\n_122.mp4,no_weapon
videos\n_123.mp4,no_weapon
videos\n_124.mp4,no_weapon
videos\n_125.mp4,no_weapon
videos\n_126.mp4,no_weapon
videos\n_127.mp4,no_weapon
videos\n_128.mp4,no_weapon
videos\n_129.mp4,no_weapon
videos\n_130.mp4,no_weapon
videos\n_131.mp4,no_weapon
videos\n_132.mp4,no_weapon
videos\n_133.mp4,no_weapon
videos\n_134.mp4,no_weapon
videos\n_135.mp4,no_weapon
videos\n_136.mp4,no_weapon
videos\n_137.mp4,no_weapon
videos\n_138.mp4,no_weapon
videos\n_139.mp4,no_weapon
videos\n_140.mp4,no_weapon
videos\n_141.mp4,no_weapon
videos\n_142.mp4,no_weapon
videos\n_143.mp4,no_weapon
videos\n_144.mp4,no_weapon
videos\n_145.mp4,no_weapon
videos\n_146.mp4,no_weapon
videos\n_147.mp4,no_weapon
videos\n_148.mp4,no_weapon
videos\n_149.mp4,no_weapon
videos\n_150.mp4,no_weapon
videos\n_151.mp4,no_weapon
videos\n_152.mp4,no_weapon
videos\n_153.mp4,no_weapon
videos\n_154.mp4,no_weapon
videos\n_155.mp4,no_weapon
videos\n_156.mp4,no_weapon
videos\n_157.mp4,no_weapon
videos\n_158.mp4,no_weapon
videos\n_159.mp4,no_weapon
videos\n_160.mp4,no_weapon
videos\n_161.mp4,no_weapon
videos\n_162.mp4,no_weapon
videos\n_163.mp4,no_weapon
videos\n_164.mp4,no_weapon
videos\n_165.mp4,no_weapon
videos\n_166.mp4,no_weapon
videos\n_167.mp4,no_weapon
videos\n_168.mp4,no_weapon
videos\n_169.mp4,no_weapon
videos\n_170.mp4,no_weapon
videos\n_171.mp4,no_weapon
videos\n_172.mp4,no_weapon
videos\n_173.mp4,no_weapon
videos\n_174.mp4,no_weapon
videos\n_175.mp4,no_weapon
videos\n_176.mp4,no_weapon
videos\n_177.mp4,no_weapon
videos\n_178.mp4,no_weapon
videos\n_179.mp4,no_weapon
videos\n_180.mp4,no_weapon
videos\n_181.mp4,no_weapon
videos\n_182.mp4,no_weapon
videos\n_183.mp4,no_weapon
videos\n_184.mp4,no_weapon
videos\n_185.mp4,no_weapon
videos\n_186.mp4,no_weapon
videos\n_187.mp4,no_weapon
videos\n_188.mp4,no_weapon
videos\n_189.mp4,no_weapon
videos\n_190.mp4,no_weapon
videos\n_191.mp4,no_weapon
videos\n_192.mp4,no_weapon
videos\n_193.mp4,no_weapon
videos\n_194.mp4,no_weapon
videos\n_195.mp4,no_weapon
videos\n_196.mp4,no_weapon
videos\n_197.mp4,no_weapon
videos\n_198.mp4,no_weapon
videos\n_199.mp4,no_weapon
videos\n_200.mp4,no_weapon
videos\n_201.mp4,no_weapon
videos\n_202.mp4,no_weapon
videos\n_203.mp4,no_weapon
videos\n_204.mp4,no_weapon
videos\n_205.mp4,no_weapon
videos\n_206.mp4,no_weapon
videos\n_207.mp4,no_weapon
videos\n_208.mp4,no_weapon
videos\n_209.mp4,no_weapon
videos\n_210.mp4,no_weapon
videos\n_211.mp4,no_weapon
videos\n_212.mp4,no_weapon
videos\n_213.mp4,no_weapon
videos\n_214.mp4,no_weapon
videos\n_215.mp4,no_weapon
videos\n_216.mp4,no_weapon
videos\n_217.mp4,no_weapon
videos\n_218.mp4,no_weapon
videos\n_219.mp4,no_weapon
videos\n_220.mp4,no_weapon
videos\n_221.mp4,no_weapon
videos\n_222.mp4,no_weapon
videos\n_223.mp4,no_weapon
videos\n_224.mp4,no_weapon
videos\n_225.mp4,no_weapon
videos\n_226.mp4,no_weapon
videos\n_227.mp4,no_weapon
videos\n_228.mp4,no_weapon
videos\n_229.mp4,no_weapon
videos\n_230.mp4,no_weapon
videos\n_231.mp4,no_weapon
videos\n_232.mp4,no_weapon
videos\n_233.mp4,no_weapon
videos\n_234.mp4,no_weapon
videos\n_235.mp4,no_weapon
videos\n_236.mp4,no_weapon
videos\n_237.mp4,no_weapon
videos\n_238.mp4,no_weapon
videos\n_239.mp4,no_weapon
videos\n_240.mp4,no_weapon
videos\n_241.mp4,no_weapon
videos\n_242.mp4,no_weapon
videos\n_243.mp4,no_weapon
videos\n_244.mp4,no_weapon
videos\n_245.mp4,no_weapon
videos\n_246.mp4,no_weapon
videos\w_001.mp4,weapon
videos\w_002.mp4,weapon
videos\w_003.mp4,weapon
videos\w_004.mp4,weapon
videos\w_005.mp4,weapon
videos\w_006.mp4,weapon
videos\w_007.mp4,weapon
videos\w_008.mp4,weapon
videos\w_009.mp4,weapon
videos\w_010.mp4,weapon
videos\w_011.mp4,weapon
videos\w_012.mp4,weapon
videos\w_013.mp4,weapon
videos\w_014.mp4,weapon
videos\w_015.mp4,weapon
videos\w_016.mp4,weapon
videos\w_017.mp4,weapon
videos\w_018.mp4,weapon
videos\w_019.mp4,weapon
videos\w_020.mp4,weapon
videos\w_021.mp4,weapon
videos\w_022.mp4,weapon
videos\w_023.mp4,weapon
videos\w_024.mp4,weapon
videos\w_025.mp4,weapon
videos\w_026.mp4,weapon
videos\w_027.mp4,weapon
videos\w_028.mp4,weapon
videos\w_029.mp4,weapon
videos\w_030.mp4,weapon
videos\w_031.mp4,weapon
videos\w_032.mp4,weapon
videos\w_033.mp4,weapon
videos\w_034.mp4,weapon
videos\w_035.mp4,weapon
videos\w_036.mp4,weapon
videos\w_037.mp4,weapon
videos\w_038.mp4,weapon
videos\w_039.mp4,weapon
videos\w_040.mp4,weapon
videos\w_041.mp4,weapon
videos\w_042.mp4,weapon
videos\w_043.mp4,weapon
videos\w_044.mp4,weapon
videos\w_045.mp4,weapon
videos\w_046.mp4,weapon
videos\w_047.mp4,weapon
videos\w_048.mp4,weapon
videos\w_049.mp4,weapon
videos\w_050.mp4,weapon
videos\w_051.mp4,weapon
videos\w_052.mp4,weapon
videos\w_053.mp4,weapon
videos\w_054.mp4,weapon
videos\w_055.mp4,weapon
videos\w_056.mp4,weapon
videos\w_057.mp4,weapon
videos\w_058.mp4,weapon
videos\w_059.mp4,weapon
videos\w_060.mp4,weapon
videos\w_061.mp4,weapon
videos\w_062.mp4,weapon
videos\w_063.mp4,weapon
videos\w_064.mp4,weapon
videos\w_065.mp4,weapon
videos\w_066.mp4,weapon
videos\w_067.mp4,weapon
videos\w_068.mp4,weapon
videos\w_069.mp4,weapon
videos\w_070.mp4,weapon
videos\w_071.mp4,weapon
videos\w_072.mp4,weapon
videos\w_073.mp4,weapon
videos\w_074.mp4,weapon
videos\w_075.mp4,weapon
videos\w_076.mp4,weapon
videos\w_077.mp4,weapon
videos\w_078.mp4,weapon
videos\w_079.mp4,weapon
videos\w_080.mp4,weapon
videos\w_081.mp4,weapon
videos\w_082.mp4,weapon
videos\w_083.mp4,weapon
videos\w_084.mp4,weapon
videos\w_085.mp4,weapon
videos\w_086.mp4,weapon
videos\w_087.mp4,weapon
videos\w_088.mp4,weapon
videos\w_089.mp4,weapon
videos\w_090.mp4,weapon
videos\w_091.mp4,weapon
videos\w_092.mp4,weapon
videos\w_093.mp4,weapon
videos\w_094.mp4,weapon
videos\w_095.mp4,weapon
videos\w_096.mp4,weapon
videos\w_097.mp4,weapon
videos\w_098.mp4,weapon
videos\w_099.mp4,weapon
videos\w_100.mp4,weapon
videos\w_101.mp4,weapon
videos\w_102.mp4,weapon
videos\w_103.mp4,weapon
videos\w_104.mp4,weapon
videos\w_105.mp4,weapon
videos\w_106.mp4,weapon
videos\w_107.mp4,weapon
videos\w_108.mp4,weapon
videos\w_109.mp4,weapon
videos\w_110.mp4,weapon
videos\w_111.mp4,weapon
videos\w_112.mp4,weapon
videos\w_113.mp4,weapon
videos\w_114.mp4,weapon
videos\w_115.mp4,weapon
videos\w_116.mp4,weapon
videos\w_117.mp4,weapon
videos\w_118.mp4,weapon
videos\w_119.mp4,weapon
videos\w_120.mp4,weapon
videos\w_121.mp4,weapon
videos\w_122.mp4,weapon
videos\w_123.mp4,weapon
videos\w_124.mp4,weapon
videos\w_125.mp4,weapon
videos\w_126.mp4,weapon
videos\w_127.mp4,weapon
videos\w_128.mp4,weapon
videos\w_129.mp4,weapon
videos\w_130.mp4,weapon
videos\w_131.mp4,weapon
videos\w_132.mp4,weapon
videos\w_133.mp4,weapon
videos\w_134.mp4,weapon
videos\w_135.mp4,weapon
videos\w_136.mp4,weapon
videos\w_137.mp4,weapon
videos\w_138.mp4,weapon
videos\w_139.mp4,weapon
videos\w_140.mp4,weapon
videos\w_141.mp4,weapon
videos\w_142.mp4,weapon
videos\w_143.mp4,weapon
videos\w_144.mp4,weapon
videos\w_145.mp4,weapon
videos\w_146.mp4,weapon
videos\w_147.mp4,weapon
videos\w_148.mp4,weapon
videos\w_149.mp4,weapon
videos\w_150.mp4,weapon
videos\w_151.mp4,weapon
videos\w_152.mp4,weapon
videos\w_153.mp4,weapon
videos\w_154.mp4,weapon
videos\w_155.mp4,weapon
videos\w_156.mp4,weapon
videos\w_157.mp4,weapon
videos\w_158.mp4,weapon
videos\w_159.mp4,weapon
videos\w_160.mp4,weapon
videos\w_161.mp4,weapon
videos\w_162.mp4,weapon
videos\w_163.mp4,weapon
videos\w_164.mp4,weapon
videos\w_165.mp4,weapon
videos\w_166.mp4,weapon
videos\w_167.mp4,weapon
videos\w_168.mp4,weapon
videos\w_169.mp4,weapon
videos\w_170.mp4,weapon
videos\w_171.mp4,weapon
videos\w_172.mp4,weapon
videos\w_173.mp4,weapon
videos\w_174.mp4,weapon
videos\w_175.mp4,weapon
videos\w_176.mp4,weapon
videos\w_177.mp4,weapon
videos\w_178.mp4,weapon
videos\w_179.mp4,weapon
videos\w_180.mp4,weapon
videos\w_181.mp4,weapon
videos\w_182.mp4,weapon
videos\w_183.mp4,weapon
videos\w_184.mp4,weapon
videos\w_185.mp4,weapon
videos\w_186.mp4,weapon
videos\w_187.mp4,weapon
videos\w_188.mp4,weapon
videos\w_189.mp4,weapon
videos\w_190.mp4,weapon
videos\w_191.mp4,weapon
videos\w_192.mp4,weapon
videos\w_193.mp4,weapon
videos\w_194.mp4,weapon
videos\w_195.mp4,weapon
videos\w_196.mp4,weapon